label,filename,width,height,depth,xmin,ymin,xmax,ymax
0,162.jpg,310,1246,4,134,470,272,642
1,604.jpg,214,696,4,94,252,180,399
0,88.jpg,456,1288,4,137,459,306,716
1,610.jpg,380,1338,4,77,452,236,704
0,176.jpg,394,1122,4,213,455,328,674
0,638.jpg,298,896,4,117,291,219,457
0,63.jpg,190,722,4,83,294,157,390
0,823.jpg,358,1066,4,160,389,261,559
0,77.jpg,420,1002,4,182,463,272,584
0,837.jpg,390,1268,4,182,593,235,660
0,406.jpg,294,910,4,132,341,210,443
0,1192.jpg,388,644,4,171,427,221,490
0,360.jpg,414,870,4,184,270,285,454
1,374.jpg,232,626,4,89,272,182,374
0,1186.jpg,206,792,4,31,335,113,463
0,412.jpg,352,1084,4,157,321,266,490
1,348.jpg,226,636,4,84,265,175,372
0,1151.jpg,398,462,4,50,204,109,272
1,1145.jpg,520,470,4,169,160,244,250
0,1179.jpg,358,1044,4,179,561,259,686
0,572.jpg,234,788,4,94,224,200,393
0,214.jpg,578,1234,4,178,612,279,744
0,200.jpg,504,940,4,310,336,407,501
0,566.jpg,1080,1920,3,511,899,602,1025
0,228.jpg,480,1308,4,310,632,427,791
0,1025.jpg,190,1128,4,93,406,161,516
0,1019.jpg,212,910,4,86,287,197,467
0,599.jpg,260,542,4,66,199,142,306
0,770.jpg,254,580,4,126,330,184,395
0,764.jpg,584,1272,4,131,505,273,736
1,994.jpg,444,620,4,273,225,359,366
1,758.jpg,286,568,4,183,189,252,282
1,980.jpg,108,628,4,40,211,103,323
0,1227.jpg,690,1338,4,395,606,526,768
0,1233.jpg,442,1256,4,218,592,336,791
0,957.jpg,604,520,4,303,195,368,280
0,943.jpg,194,1156,4,55,677,136,778
0,942.jpg,434,1316,4,193,501,376,756
0,1232.jpg,498,442,4,170,156,244,250
0,1226.jpg,586,1012,4,461,393,562,522
0,759.jpg,292,758,4,145,383,196,452
0,995.jpg,344,1390,4,145,468,293,743
0,765.jpg,1170,1473,3,541,578,698,829
0,771.jpg,496,714,4,57,365,134,459
0,598.jpg,414,930,4,170,372,273,510
0,1018.jpg,314,734,4,85,264,200,420
0,1030.jpg,302,1068,4,104,514,186,637
0,1024.jpg,372,1346,4,208,701,277,802
0,229.jpg,438,1294,4,194,420,316,649
1,201.jpg,306,902,4,89,333,196,507
0,567.jpg,258,490,4,111,167,162,230
1,573.jpg,124,498,4,41,148,111,252
0,215.jpg,436,1386,4,216,465,390,701
0,1178.jpg,836,880,4,257,373,335,469
0,1144.jpg,546,686,4,84,265,171,404
0,1150.jpg,288,1060,4,133,363,266,593
0,349.jpg,356,904,4,197,332,296,496
1,375.jpg,128,508,4,46,130,113,238
0,413.jpg,164,672,4,28,259,93,372
0,1187.jpg,318,1366,4,80,278,229,487
1,1193.jpg,390,1322,4,134,455,318,750
1,407.jpg,272,834,4,110,268,193,411
0,361.jpg,468,1182,4,172,498,317,665
0,836.jpg,356,1118,4,140,500,272,659
0,76.jpg,280,880,4,119,345,205,451
0,188.jpg,432,1112,4,160,432,289,605
0,822.jpg,408,1112,4,226,470,282,566
0,62.jpg,328,872,4,144,348,246,474
0,639.jpg,1056,1440,4,493,488,650,756
0,611.jpg,298,770,4,144,295,228,410
1,89.jpg,134,498,4,49,141,119,245
0,177.jpg,384,590,4,151,209,224,306
0,163.jpg,320,844,4,152,259,256,425
0,605.jpg,698,1248,4,443,591,526,725
1,175.jpg,194,710,4,38,229,113,342
0,613.jpg,1170,1464,3,570,529,693,755
1,607.jpg,1036,1374,4,316,339,517,685
0,161.jpg,424,1010,4,138,308,251,492
0,149.jpg,212,482,4,85,154,132,232
0,48.jpg,488,938,4,168,318,237,433
0,808.jpg,338,1416,4,135,453,294,736
0,74.jpg,250,874,4,110,341,207,464
0,834.jpg,616,686,4,258,269,358,391
0,60.jpg,342,830,4,195,339,267,440
0,820.jpg,338,1106,4,226,500,299,614
0,1185.jpg,386,1282,4,148,568,255,728
1,411.jpg,534,1580,4,86,561,343,980
0,377.jpg,256,764,4,99,236,194,374
0,363.jpg,322,1004,4,116,324,250,531
0,405.jpg,390,1100,4,145,478,289,653
0,1191.jpg,184,806,4,11,384,81,479
1,439.jpg,916,1328,4,407,441,549,680
0,1146.jpg,698,1022,4,66,406,171,535
0,1152.jpg,996,1550,3,484,702,641,887
0,388.jpg,458,1406,4,169,535,331,795
0,565.jpg,254,590,4,109,198,171,277
0,203.jpg,290,780,4,138,259,225,426
0,217.jpg,198,680,4,88,247,164,382
1,571.jpg,1170,1004,3,550,470,627,602
0,559.jpg,160,618,4,74,264,143,353
0,1032.jpg,284,696,4,74,368,147,463
0,1026.jpg,312,1050,4,122,344,262,577
1,767.jpg,448,782,4,378,232,423,277
1,773.jpg,602,1414,4,316,505,505,780
0,983.jpg,220,1380,4,89,716,189,844
0,997.jpg,334,1460,4,136,848,250,1006
0,1230.jpg,346,1334,4,122,537,284,724
0,968.jpg,430,436,4,193,159,224,213
1,1224.jpg,416,406,4,127,91,277,267
0,940.jpg,548,766,4,92,270,190,436
0,798.jpg,218,910,4,81,431,183,583
0,954.jpg,372,1038,4,102,472,155,561
0,1218.jpg,242,636,4,103,270,156,337
0,1219.jpg,416,798,4,306,310,386,449
0,955.jpg,440,580,4,215,260,294,357
0,799.jpg,138,792,4,59,325,130,438
0,941.jpg,566,1324,4,119,566,248,729
0,1225.jpg,612,698,4,132,215,237,373
0,969.jpg,570,1380,4,317,486,503,738
0,1231.jpg,416,1330,4,249,478,390,745
0,996.jpg,456,992,4,225,288,279,354
0,982.jpg,234,934,4,79,298,185,417
1,772.jpg,498,676,4,103,287,181,410
0,766.jpg,564,1000,4,364,547,463,710
0,1027.jpg,254,1176,4,89,564,212,763
0,1033.jpg,340,1210,4,121,618,181,694
0,558.jpg,374,1076,4,188,380,289,495
0,216.jpg,470,850,4,203,232,354,466
0,570.jpg,490,1042,4,205,504,297,648
1,564.jpg,2048,1536,3,1179,576,1431,860
0,202.jpg,348,944,4,184,373,291,547
1,389.jpg,202,422,4,93,141,142,233
1,1153.jpg,514,1346,4,242,560,394,769
0,1147.jpg,418,396,4,311,168,358,238
1,438.jpg,1118,1256,4,501,539,689,803
0,362.jpg,272,746,4,154,335,227,433
0,1190.jpg,510,1344,4,361,548,481,751
0,404.jpg,300,662,4,177,253,251,378
0,410.jpg,250,710,4,106,287,201,405
0,1184.jpg,422,832,4,248,415,333,517
0,376.jpg,240,616,4,90,208,173,329
0,821.jpg,152,1060,4,51,425,119,538
0,61.jpg,344,836,4,201,262,309,433
1,75.jpg,338,1250,4,61,421,197,672
1,809.jpg,108,632,4,28,235,87,348
0,49.jpg,410,1020,4,168,324,265,476
0,148.jpg,460,900,4,218,308,329,493
1,606.jpg,1168,1557,3,645,573,890,979
0,160.jpg,454,1126,4,239,423,362,571
1,174.jpg,186,652,4,74,215,165,332
0,612.jpg,150,500,4,76,192,109,241
0,158.jpg,294,684,4,95,216,165,333
0,616.jpg,382,1192,4,175,487,309,653
0,170.jpg,194,738,4,85,223,159,347
0,602.jpg,308,1084,4,133,364,236,539
0,71.jpg,846,1134,4,315,355,432,549
0,831.jpg,828,1336,4,290,681,407,887
0,65.jpg,362,1046,4,154,378,286,611
0,825.jpg,166,838,4,57,371,120,485
1,59.jpg,330,750,4,119,300,192,425
0,428.jpg,486,1286,4,227,606,407,838
0,372.jpg,224,458,4,121,185,182,251
0,1180.jpg,284,556,4,90,238,170,311
0,414.jpg,466,1140,4,165,436,307,617
0,400.jpg,506,1156,4,247,429,352,570
0,1194.jpg,340,1392,4,154,708,257,831
0,366.jpg,458,1088,4,285,365,392,535
0,399.jpg,562,1200,4,226,442,351,652
1,1143.jpg,530,452,4,192,160,265,252
0,1157.jpg,304,1328,4,98,728,209,860
0,548.jpg,390,1230,4,140,466,277,641
0,206.jpg,284,986,4,134,379,248,529
0,560.jpg,522,1226,4,250,583,355,717
0,574.jpg,1280,1706,3,603,780,760,1066
0,212.jpg,928,986,4,244,361,386,524
0,1037.jpg,488,610,4,329,249,399,345
0,1023.jpg,180,796,4,107,298,167,402
1,986.jpg,666,1234,4,447,486,592,718
0,992.jpg,642,1164,4,422,578,543,735
1,762.jpg,428,482,4,122,135,260,249
0,776.jpg,348,1046,4,68,446,155,581
0,945.jpg,812,980,4,371,522,456,682
0,1209.jpg,518,1032,4,112,427,196,556
0,951.jpg,388,1190,4,176,480,271,655
0,789.jpg,270,1122,4,89,583,189,713
0,979.jpg,1170,1526,3,555,496,650,630
0,1235.jpg,240,946,4,96,433,191,581
0,1221.jpg,486,628,4,155,256,237,325
1,1220.jpg,634,898,4,162,354,270,491
0,1234.jpg,214,980,4,93,346,206,533
0,978.jpg,348,1348,4,166,641,319,843
0,788.jpg,436,460,4,220,260,272,345
1,950.jpg,156,528,4,68,214,139,300
0,1208.jpg,648,552,4,178,188,293,330
0,944.jpg,690,800,4,85,266,180,421
0,777.jpg,526,1048,4,183,515,306,677
0,763.jpg,430,1390,4,256,712,379,938
0,993.jpg,504,512,4,254,188,411,332
0,987.jpg,324,1180,4,215,751,287,894
0,1022.jpg,322,970,4,212,414,264,478
0,1036.jpg,412,630,4,170,426,222,488
0,575.jpg,296,826,4,94,265,187,428
0,213.jpg,564,1176,4,280,514,399,673
0,207.jpg,478,1310,4,218,616,411,850
0,561.jpg,228,846,4,103,298,191,459
0,549.jpg,228,786,4,107,277,196,435
0,1156.jpg,468,642,4,232,333,282,413
0,1142.jpg,496,952,4,121,360,227,523
0,398.jpg,198,686,4,84,234,166,372
1,401.jpg,498,1148,4,244,376,348,563
1,367.jpg,156,496,4,64,163,134,269
0,373.jpg,444,1378,4,176,575,343,782
0,415.jpg,682,1406,4,333,486,452,627
0,1181.jpg,174,1320,4,68,822,115,896
0,58.jpg,538,1264,4,214,484,327,672
0,824.jpg,544,778,4,429,352,516,467
0,64.jpg,220,450,4,95,136,156,235
0,830.jpg,196,660,4,75,177,165,327
0,70.jpg,698,1286,4,264,585,395,746
0,165.jpg,224,694,4,98,116,182,293
0,603.jpg,546,1098,4,186,299,335,536
1,617.jpg,1280,1706,3,605,549,787,846
1,171.jpg,260,746,4,118,258,199,400
0,159.jpg,398,976,4,224,307,330,507
0,629.jpg,1280,1706,3,615,841,764,1029
0,601.jpg,142,432,4,58,117,118,201
0,99.jpg,358,944,4,89,299,208,437
0,167.jpg,576,1190,4,262,402,357,566
0,173.jpg,342,1042,4,127,406,250,557
0,615.jpg,138,462,4,57,164,104,247
1,66.jpg,1284,2778,4,580,804,839,1077
0,826.jpg,440,1112,4,188,597,281,774
0,198.jpg,302,1044,4,123,364,246,578
0,72.jpg,320,998,4,144,401,269,567
0,832.jpg,316,1190,4,131,435,240,632
0,8.jpg,354,1026,4,203,478,314,619
0,359.jpg,268,906,4,112,388,233,530
0,365.jpg,502,868,4,263,384,368,504
0,403.jpg,348,1096,4,147,306,265,477
1,1197.jpg,350,1380,4,165,462,341,760
1,1183.jpg,348,1242,4,133,421,291,704
0,417.jpg,574,1264,4,236,602,337,739
0,371.jpg,634,1048,4,294,339,461,594
0,1168.jpg,394,1320,4,193,578,341,783
0,1154.jpg,298,1354,4,124,567,257,786
0,1140.jpg,202,812,4,75,263,174,383
0,239.jpg,334,462,4,109,191,162,257
0,211.jpg,268,934,4,120,384,233,529
0,577.jpg,699,1048,3,306,325,427,503
0,563.jpg,378,1230,4,156,502,276,652
1,205.jpg,164,668,4,11,227,92,339
0,588.jpg,260,964,4,126,387,233,521
0,1008.jpg,350,1280,4,140,548,300,755
0,1020.jpg,1280,1706,3,611,973,764,1162
0,1034.jpg,226,1362,4,117,838,196,961
0,749.jpg,300,826,4,141,418,194,484
0,991.jpg,674,628,4,537,395,592,474
0,985.jpg,290,1250,4,136,549,240,695
0,775.jpg,522,1368,4,341,764,469,969
0,761.jpg,406,946,4,311,431,374,512
0,952.jpg,284,1010,4,111,321,247,544
0,946.jpg,324,1326,4,121,550,280,797
0,1222.jpg,416,786,4,287,228,390,418
0,1236.jpg,1190,1366,4,260,602,369,740
0,1237.jpg,212,1420,4,103,927,182,1071
0,1223.jpg,344,1084,4,117,458,300,655
0,953.jpg,474,1344,4,176,437,370,731
0,760.jpg,622,1330,4,237,473,421,721
0,774.jpg,556,974,4,167,414,279,554
1,984.jpg,230,684,4,19,175,135,311
0,990.jpg,528,652,4,73,188,156,325
0,748.jpg,524,512,4,284,138,395,290
1,1035.jpg,440,1364,4,174,462,361,714
0,1021.jpg,526,588,4,448,289,508,383
0,1009.jpg,190,874,4,69,239,135,344
0,589.jpg,204,748,4,79,248,174,405
1,562.jpg,304,406,3,105,175,166,252
1,204.jpg,266,684,4,125,228,190,357
0,210.jpg,588,1302,4,230,498,369,729
0,238.jpg,402,1270,4,200,535,343,724
0,1141.jpg,606,1248,4,442,520,568,740
1,1155.jpg,602,1344,4,194,816,406,1166
1,1169.jpg,795,1043,3,332,422,421,567
0,416.jpg,228,804,4,112,312,201,428
0,1182.jpg,416,1282,4,197,680,286,789
0,370.jpg,378,1168,4,173,405,323,654
1,364.jpg,454,840,4,185,242,303,421
0,1196.jpg,292,1208,4,133,543,232,698
0,402.jpg,412,1448,4,138,575,281,815
0,358.jpg,174,842,4,72,369,138,511
0,9.jpg,248,670,4,128,211,198,330
0,833.jpg,478,1390,4,258,599,312,703
1,73.jpg,300,672,4,131,234,207,373
1,827.jpg,240,1126,4,107,428,197,578
0,67.jpg,652,1248,4,171,524,271,655
0,199.jpg,184,704,4,38,277,111,394
0,172.jpg,358,1006,4,176,359,272,474
0,614.jpg,306,864,4,171,337,276,469
0,98.jpg,392,888,4,186,351,287,480
0,600.jpg,492,1304,4,244,485,363,673
0,166.jpg,346,1056,4,166,461,282,608
1,628.jpg,666,854,4,245,327,392,518
0,667.jpg,400,1072,4,201,434,341,598
1,101.jpg,158,492,4,67,139,141,248
0,115.jpg,538,1016,4,214,381,333,542
0,883.jpg,566,738,4,467,354,547,460
0,129.jpg,414,922,4,210,357,322,543
0,897.jpg,270,1020,4,126,421,244,599
0,28.jpg,554,870,4,273,364,371,483
0,868.jpg,404,832,4,80,469,157,560
0,698.jpg,372,720,4,145,266,213,383
0,840.jpg,482,808,4,229,447,289,521
1,14.jpg,318,1146,4,142,343,265,552
0,854.jpg,284,810,4,134,473,205,558
0,303.jpg,454,828,4,173,375,297,511
0,465.jpg,604,1454,4,358,555,512,789
0,471.jpg,434,1046,4,288,368,376,547
0,317.jpg,346,886,4,128,396,264,554
0,459.jpg,340,1044,4,174,388,284,580
0,1132.jpg,268,1030,4,77,486,184,614
0,1126.jpg,1080,1920,3,568,929,706,1162
0,277.jpg,466,1596,4,196,592,410,856
1,511.jpg,102,394,4,41,235,93,321
1,1085.jpg,220,1026,4,53,454,126,587
0,1091.jpg,764,1008,4,405,553,498,712
0,505.jpg,296,884,4,128,318,221,477
0,263.jpg,160,566,4,58,187,126,291
1,539.jpg,744,1107,3,355,417,489,604
0,1046.jpg,520,868,4,397,417,456,492
0,1052.jpg,626,628,4,247,267,327,363
1,288.jpg,230,634,4,101,223,191,375
0,713.jpg,528,742,4,206,293,294,433
1,707.jpg,580,1476,4,166,547,318,843
1,908.jpg,700,1062,4,515,594,612,709
0,1244.jpg,506,966,4,344,344,461,511
0,1250.jpg,304,1228,4,171,613,265,737
0,934.jpg,308,816,4,72,367,144,453
0,920.jpg,574,1366,4,353,647,480,810
0,921.jpg,1688,1332,4,209,783,305,959
0,935.jpg,260,1156,4,57,635,156,759
0,1251.jpg,340,1226,4,145,346,296,510
0,1245.jpg,594,1186,4,195,631,283,737
0,909.jpg,282,1336,4,71,361,213,592
0,706.jpg,514,1160,4,202,381,345,618
0,712.jpg,214,620,4,90,197,154,316
0,289.jpg,282,808,4,90,255,185,402
0,1053.jpg,916,1034,4,560,451,706,612
0,1047.jpg,464,790,4,215,371,276,444
0,538.jpg,1060,1886,3,505,1064,617,1203
0,504.jpg,890,1434,4,386,722,522,902
0,1090.jpg,826,946,4,616,468,706,588
0,262.jpg,222,508,4,103,201,152,264
0,276.jpg,384,940,4,204,332,326,524
0,1084.jpg,438,1340,4,133,603,245,711
0,510.jpg,472,1196,4,266,381,396,568
0,1127.jpg,530,856,4,374,457,431,539
0,1133.jpg,626,1226,4,255,433,365,608
0,458.jpg,222,598,4,114,254,192,342
0,470.jpg,632,1032,4,220,358,340,505
0,316.jpg,438,1356,4,197,524,324,690
0,302.jpg,252,704,4,85,271,162,370
0,464.jpg,276,636,4,160,102,242,278
0,855.jpg,496,1008,4,382,574,476,700
0,15.jpg,168,572,4,23,190,97,281
0,841.jpg,480,740,4,87,287,202,422
0,699.jpg,426,1220,4,187,381,315,597
0,869.jpg,762,1272,4,338,731,442,919
0,29.jpg,264,870,4,107,335,211,456
0,128.jpg,698,1116,4,433,476,521,584
1,896.jpg,392,1278,4,155,467,303,722
1,882.jpg,228,526,4,153,153,223,262
0,114.jpg,262,718,4,90,240,177,379
0,672.jpg,264,478,4,106,144,154,222
0,666.jpg,352,1144,4,162,389,267,556
0,100.jpg,284,900,4,145,319,228,472
0,670.jpg,212,638,4,109,230,183,353
1,116.jpg,884,1510,4,388,435,597,771
0,102.jpg,258,758,4,95,269,187,424
0,880.jpg,412,630,4,292,420,346,487
0,658.jpg,422,784,4,169,333,261,445
0,17.jpg,584,1128,4,236,407,354,596
0,857.jpg,944,1130,4,703,576,847,806
0,843.jpg,228,382,4,18,136,125,306
0,314.jpg,218,712,4,79,249,161,384
0,472.jpg,550,1210,4,282,459,389,604
0,466.jpg,556,1472,4,171,532,329,772
0,300.jpg,750,1162,4,437,536,574,693
1,328.jpg,194,678,4,76,231,164,347
0,1125.jpg,304,1022,4,137,334,263,537
0,1131.jpg,708,580,4,647,292,707,392
0,1119.jpg,228,964,4,87,359,201,546
0,499.jpg,608,1286,4,261,492,395,679
0,260.jpg,212,738,4,94,260,186,418
0,1092.jpg,630,808,4,506,283,603,444
0,506.jpg,440,1376,4,164,513,331,793
0,512.jpg,356,886,4,142,291,261,415
1,1086.jpg,464,604,4,310,226,373,337
0,274.jpg,386,1120,4,160,453,297,606
1,248.jpg,344,938,4,169,308,261,456
0,1051.jpg,170,796,4,78,387,142,478
0,1045.jpg,1656,1192,4,439,404,564,632
1,1079.jpg,508,460,4,197,149,274,241
0,704.jpg,330,1064,4,159,349,277,565
0,710.jpg,432,884,4,145,329,270,503
0,738.jpg,334,624,4,167,318,228,425
0,1253.jpg,726,1018,4,517,554,615,644
0,1247.jpg,596,906,4,449,428,497,483
0,923.jpg,228,1010,4,82,430,177,587
0,937.jpg,550,992,4,340,491,449,630
0,936.jpg,356,1362,4,145,398,291,592
0,922.jpg,388,1216,4,221,653,338,808
0,1246.jpg,592,824,4,102,459,167,538
0,1252.jpg,408,1360,4,180,614,340,826
0,739.jpg,574,548,4,233,249,301,332
0,705.jpg,296,962,4,130,363,235,532
1,1078.jpg,362,1260,4,178,501,323,752
0,1044.jpg,300,1098,4,186,415,270,564
0,1050.jpg,1000,1370,4,557,579,668,754
0,249.jpg,648,1096,4,342,492,458,652
0,1087.jpg,592,1152,4,235,476,355,633
0,513.jpg,2592,3840,3,1226,1411,1645,2147
0,275.jpg,150,608,4,2,212,88,323
0,261.jpg,374,1138,4,179,421,284,550
0,507.jpg,270,882,4,110,308,215,474
0,1093.jpg,408,948,4,119,270,250,479
0,498.jpg,662,1182,4,313,400,440,594
0,1118.jpg,632,1046,4,533,545,603,639
0,1130.jpg,446,1076,4,246,454,350,570
0,1124.jpg,420,662,4,107,278,164,347
0,329.jpg,220,754,4,91,261,182,408
0,467.jpg,322,794,4,120,287,201,389
1,301.jpg,268,514,4,117,93,190,214
1,315.jpg,628,914,4,366,427,477,579
0,473.jpg,472,1368,4,257,561,395,751
1,842.jpg,344,1182,4,215,574,320,745
0,856.jpg,280,698,4,187,304,259,430
0,16.jpg,274,854,4,137,343,215,441
1,659.jpg,386,954,4,234,298,350,489
0,895.jpg,372,1358,4,179,613,235,713
0,103.jpg,296,718,4,103,167,206,303
0,665.jpg,318,782,4,163,290,241,394
1,671.jpg,990,1342,4,423,411,599,658
0,117.jpg,316,1118,4,154,483,277,634
0,649.jpg,370,904,4,107,354,237,497
0,113.jpg,430,1156,4,230,438,374,684
0,675.jpg,318,1020,4,141,358,261,571
0,661.jpg,254,940,4,112,339,218,528
0,107.jpg,286,550,4,124,156,169,225
0,12.jpg,256,600,4,97,204,152,273
0,852.jpg,454,1356,4,105,632,254,815
0,846.jpg,588,752,4,467,342,570,469
1,339.jpg,208,644,4,91,234,175,389
1,477.jpg,314,960,4,127,326,221,475
0,311.jpg,246,724,4,117,279,198,383
0,305.jpg,206,696,4,88,260,160,394
0,463.jpg,286,984,4,124,326,241,529
0,488.jpg,372,1054,4,160,395,282,622
0,1108.jpg,222,640,4,63,266,157,376
0,1120.jpg,352,1232,4,123,462,243,600
0,1134.jpg,270,500,4,118,237,172,300
0,259.jpg,362,1084,4,153,414,290,646
0,1097.jpg,496,674,4,87,241,184,355
0,503.jpg,276,520,4,124,197,187,264
0,265.jpg,324,810,4,147,273,230,412
0,271.jpg,366,866,4,187,320,260,463
0,517.jpg,190,734,4,73,233,149,372
0,1083.jpg,296,818,4,115,442,194,564
0,1068.jpg,198,1014,4,77,543,161,684
0,1054.jpg,606,968,4,203,357,309,527
0,1040.jpg,248,1214,4,122,428,225,570
0,729.jpg,254,1008,4,110,449,168,523
1,701.jpg,494,1226,4,121,470,262,722
0,715.jpg,534,518,4,306,220,376,297
0,926.jpg,820,1048,4,389,419,488,560
0,932.jpg,482,736,4,190,326,292,449
0,1256.jpg,290,1392,4,187,727,228,788
0,1242.jpg,372,802,4,183,500,219,543
0,1243.jpg,396,998,4,58,546,139,641
0,1257.jpg,766,1266,4,384,668,505,862
0,933.jpg,122,1002,4,54,345,113,448
0,927.jpg,766,746,4,586,264,692,425
0,714.jpg,398,508,4,139,149,289,342
0,700.jpg,798,1316,4,338,647,455,804
0,728.jpg,258,732,4,138,294,231,413
0,1041.jpg,278,1194,4,114,548,188,674
0,1055.jpg,240,1294,4,103,490,213,623
0,1069.jpg,534,760,4,76,360,164,471
0,270.jpg,390,1114,4,149,402,301,654
1,1082.jpg,390,546,3,186,173,264,291
0,516.jpg,342,534,4,195,217,241,290
0,502.jpg,402,736,4,173,323,236,403
0,264.jpg,208,836,4,96,405,172,509
1,258.jpg,228,862,4,91,268,175,412
0,1135.jpg,398,1324,4,161,624,327,820
0,1121.jpg,224,1014,4,97,450,197,609
1,1109.jpg,392,994,4,95,549,196,664
0,489.jpg,586,1084,4,251,446,364,641
0,304.jpg,344,878,4,128,250,253,449
0,462.jpg,498,1520,4,135,715,260,926
0,476.jpg,248,868,4,100,264,190,415
0,310.jpg,372,722,4,175,277,258,385
0,338.jpg,228,688,4,104,233,185,372
0,847.jpg,348,514,4,173,232,252,305
1,853.jpg,428,484,4,258,201,313,285
0,13.jpg,386,874,4,101,305,185,407
1,660.jpg,154,516,4,59,140,133,254
0,106.jpg,294,552,4,168,256,218,321
0,112.jpg,408,640,4,156,235,234,328
0,674.jpg,288,760,4,135,229,215,353
1,884.jpg,198,1090,4,14,521,95,653
0,648.jpg,440,592,4,131,240,217,340
0,890.jpg,694,740,4,81,342,158,442
0,138.jpg,226,852,4,92,319,191,448
0,886.jpg,202,576,4,96,183,175,312
0,892.jpg,610,1372,4,219,713,389,916
0,104.jpg,156,494,4,75,162,125,245
0,662.jpg,406,1378,4,161,552,314,746
0,676.jpg,210,800,4,83,265,175,433
1,110.jpg,498,840,4,239,266,318,403
1,845.jpg,370,1108,4,147,413,275,592
1,689.jpg,160,402,4,92,241,144,328
0,11.jpg,214,856,4,90,298,179,445
0,851.jpg,410,1144,4,130,372,319,657
1,39.jpg,264,918,4,120,264,237,439
0,879.jpg,424,1398,4,210,681,300,810
0,448.jpg,186,670,4,40,254,108,371
0,460.jpg,356,884,4,104,323,191,439
0,306.jpg,292,608,4,77,193,145,269
1,312.jpg,346,726,4,138,262,221,402
0,474.jpg,184,578,4,64,195,128,311
0,1137.jpg,488,1296,4,147,678,218,775
0,1123.jpg,606,594,4,216,266,277,351
1,528.jpg,572,772,4,229,317,299,431
0,514.jpg,398,1092,4,189,448,319,608
0,1080.jpg,372,582,4,221,317,265,380
0,272.jpg,216,1060,4,28,365,124,523
0,266.jpg,664,986,4,302,462,417,608
1,1094.jpg,274,1120,4,95,416,239,614
0,500.jpg,388,966,4,200,391,309,534
1,299.jpg,144,850,4,57,406,119,533
0,1043.jpg,862,798,4,141,318,225,473
0,1057.jpg,506,1014,4,247,527,321,668
0,716.jpg,416,656,4,236,301,304,423
1,702.jpg,344,1062,4,133,388,260,587
0,931.jpg,576,1266,4,127,506,257,713
0,925.jpg,416,718,4,240,340,292,441
0,1241.jpg,342,1084,4,171,520,225,614
0,919.jpg,232,832,4,81,220,201,418
0,1255.jpg,258,1240,4,6,825,81,927
0,1254.jpg,594,666,4,399,242,469,360
0,918.jpg,486,1368,4,208,711,259,794
0,1240.jpg,484,498,4,140,106,259,259
1,924.jpg,222,666,4,137,312,208,405
0,930.jpg,340,1338,4,138,864,257,1026
0,703.jpg,422,1036,4,144,408,284,574
0,717.jpg,252,710,4,88,324,197,464
0,1056.jpg,216,324,4,91,125,135,195
0,1042.jpg,434,568,4,139,196,210,285
0,298.jpg,248,646,4,97,209,161,327
0,267.jpg,304,900,4,125,411,261,574
0,501.jpg,377,577,3,194,182,265,300
0,1095.jpg,448,1328,4,144,467,308,719
0,515.jpg,470,1012,4,142,398,272,557
0,273.jpg,494,1234,4,291,556,415,714
0,529.jpg,492,1260,4,161,586,291,747
0,1122.jpg,224,968,4,98,335,207,519
0,1136.jpg,586,1378,4,283,465,457,739
0,313.jpg,332,480,4,191,205,251,270
0,475.jpg,464,1308,4,249,459,382,684
0,461.jpg,320,868,4,157,352,267,478
0,307.jpg,342,962,4,159,360,257,479
1,449.jpg,270,892,4,119,256,239,442
0,878.jpg,174,786,4,49,306,116,419
0,38.jpg,204,466,4,73,173,131,237
0,850.jpg,190,1340,4,76,644,156,778
0,10.jpg,420,886,4,300,416,372,515
1,688.jpg,578,1048,4,169,426,272,574
0,844.jpg,122,528,4,45,207,117,292
0,677.jpg,300,850,4,151,307,262,446
1,111.jpg,442,1240,4,93,420,232,672
0,105.jpg,212,530,4,120,202,184,286
0,663.jpg,432,960,4,209,271,330,474
0,893.jpg,430,620,4,229,264,317,413
0,139.jpg,190,546,4,80,132,139,222
1,887.jpg,186,1368,4,62,557,166,702
0,120.jpg,200,756,4,84,251,171,401
0,134.jpg,256,706,4,151,279,230,384
0,652.jpg,548,1250,4,293,484,396,626
0,108.jpg,414,810,4,185,279,268,376
0,685.jpg,344,798,4,147,191,267,356
0,691.jpg,150,402,4,55,136,109,209
0,849.jpg,462,1356,4,237,552,384,810
0,21.jpg,308,888,4,119,302,228,488
0,861.jpg,746,1330,4,204,604,265,702
0,35.jpg,516,1016,4,258,500,352,623
0,875.jpg,240,1048,4,111,455,207,590
0,322.jpg,242,806,4,122,295,210,452
0,444.jpg,320,1148,4,130,460,246,610
0,450.jpg,408,1538,4,214,709,328,922
0,336.jpg,760,1386,4,328,488,453,639
0,478.jpg,274,946,4,120,377,232,531
0,1113.jpg,192,1374,4,58,920,99,973
0,487.jpg,142,494,4,67,175,97,219
0,493.jpg,146,566,4,59,203,126,283
0,1107.jpg,332,1390,4,124,792,267,959
1,256.jpg,384,686,4,153,282,252,397
1,530.jpg,900,1566,4,397,480,622,855
0,524.jpg,378,908,4,171,335,268,519
0,242.jpg,336,1170,4,155,451,290,600
1,1098.jpg,350,1210,4,39,389,206,636
0,518.jpg,430,1318,4,203,554,346,742
0,295.jpg,254,456,4,95,170,140,251
0,1067.jpg,200,856,4,117,306,181,418
0,1073.jpg,676,1082,4,92,411,222,564
0,281.jpg,408,972,4,184,308,313,502
0,732.jpg,388,1358,4,122,605,301,828
1,726.jpg,260,1096,4,68,494,151,631
0,929.jpg,558,1204,4,371,380,513,590
1,915.jpg,658,810,4,460,245,603,462
0,901.jpg,692,1212,4,339,694,438,857
0,900.jpg,458,1166,4,231,484,419,688
0,1258.jpg,372,1432,4,55,582,221,806
0,914.jpg,310,726,4,116,388,156,435
0,1264.jpg,310,686,4,39,277,103,387
0,928.jpg,226,922,4,86,440,146,521
1,727.jpg,496,446,4,222,190,298,291
0,733.jpg,676,796,4,137,236,246,410
0,1072.jpg,400,682,4,196,329,273,423
0,280.jpg,240,992,4,99,300,200,471
1,294.jpg,152,486,4,53,146,123,248
1,519.jpg,628,1140,4,254,195,439,502
0,1099.jpg,1036,1108,4,811,615,916,779
0,525.jpg,1280,1706,3,913,707,1086,918
0,243.jpg,240,578,4,129,208,196,285
0,257.jpg,290,738,4,144,268,233,368
1,531.jpg,1280,1706,3,578,703,776,983
0,1106.jpg,336,1082,4,101,368,239,588
1,492.jpg,322,876,4,52,302,145,482
0,486.jpg,370,1334,4,186,531,292,661
0,1112.jpg,382,576,4,261,253,363,384
0,479.jpg,206,606,4,97,206,156,325
0,451.jpg,260,820,4,89,273,186,447
1,337.jpg,308,1102,4,139,335,260,554
0,323.jpg,254,418,4,105,122,166,215
1,445.jpg,956,1494,4,315,555,464,844
0,874.jpg,240,1170,4,20,456,111,627
0,34.jpg,352,1416,4,67,556,172,769
0,860.jpg,1132,1192,4,240,687,360,852
0,20.jpg,420,1334,4,180,561,330,744
1,848.jpg,796,994,4,149,350,294,575
0,690.jpg,396,870,4,129,271,246,454
0,684.jpg,350,826,4,184,313,305,439
1,109.jpg,432,862,4,202,286,311,469
1,135.jpg,316,1032,4,137,354,260,553
0,653.jpg,322,782,4,202,316,279,418
0,647.jpg,736,974,4,294,266,421,455
0,121.jpg,224,682,4,82,230,162,364
0,889.jpg,478,766,4,100,312,204,437
0,651.jpg,402,508,4,195,198,247,261
0,137.jpg,1142,1534,4,526,586,710,898
0,123.jpg,282,814,4,97,263,191,430
0,645.jpg,702,1158,4,311,359,417,530
0,679.jpg,346,758,4,164,307,241,413
0,692.jpg,256,936,4,107,389,220,534
0,686.jpg,426,1520,4,190,469,394,808
0,36.jpg,516,1370,4,210,415,390,669
1,876.jpg,312,418,4,40,176,95,263
1,22.jpg,506,1528,4,167,465,375,787
0,862.jpg,302,1382,4,175,709,247,841
1,335.jpg,518,1158,4,148,472,227,633
0,453.jpg,404,890,4,204,327,310,495
0,447.jpg,370,1224,4,184,512,289,663
0,321.jpg,618,1020,4,249,485,352,603
1,309.jpg,1050,1530,4,405,442,596,782
0,490.jpg,370,1138,4,135,391,250,582
0,1104.jpg,236,1376,4,62,854,148,979
0,1110.jpg,350,960,4,227,456,312,616
0,484.jpg,376,648,4,144,254,215,346
0,1138.jpg,712,896,4,94,350,183,468
0,241.jpg,522,1234,4,167,423,321,605
0,527.jpg,368,784,4,181,300,283,421
0,533.jpg,430,1338,4,170,442,294,667
0,255.jpg,588,1226,4,229,551,366,714
0,269.jpg,312,646,4,77,215,137,288
0,282.jpg,514,1194,4,158,297,340,538
1,1070.jpg,466,474,4,398,134,444,210
0,1064.jpg,372,1376,4,168,704,253,828
0,296.jpg,274,878,4,54,314,146,496
0,1058.jpg,608,998,4,452,425,572,580
0,725.jpg,634,1284,4,93,506,239,735
0,731.jpg,500,1382,4,234,747,405,960
0,719.jpg,612,1106,4,186,522,317,686
0,902.jpg,352,1274,4,155,478,293,730
0,916.jpg,316,1272,4,137,542,237,671
1,917.jpg,298,982,4,206,598,277,707
0,903.jpg,438,1004,4,227,430,339,630
0,718.jpg,270,836,4,117,476,175,558
0,730.jpg,232,952,4,79,429,178,592
0,724.jpg,518,1000,4,388,480,493,628
0,1059.jpg,402,1372,4,283,653,334,713
0,297.jpg,406,956,4,115,298,232,498
1,283.jpg,622,1224,4,107,566,242,769
1,1071.jpg,1284,2778,4,458,992,692,1248
0,268.jpg,370,916,4,160,339,258,522
0,532.jpg,1280,1706,3,617,769,778,970
0,254.jpg,250,480,4,113,201,160,263
1,240.jpg,704,1330,4,334,408,510,685
0,526.jpg,864,1920,3,212,862,329,1016
0,485.jpg,306,816,4,156,331,247,449
1,1111.jpg,624,1274,4,452,516,590,756
0,1105.jpg,276,588,4,112,377,164,445
0,491.jpg,430,890,4,149,299,246,460
0,308.jpg,714,1466,4,291,691,420,912
1,446.jpg,366,1220,4,68,422,206,670
0,320.jpg,330,522,4,135,224,186,290
0,334.jpg,248,806,4,128,263,205,398
0,452.jpg,282,538,4,93,205,154,283
0,863.jpg,622,1238,4,21,464,150,678
0,23.jpg,294,698,4,141,266,236,385
0,877.jpg,432,1356,4,109,657,154,718
1,37.jpg,578,1246,4,249,461,421,738
0,687.jpg,518,1236,4,172,445,307,669
0,693.jpg,276,482,4,95,185,145,247
0,678.jpg,540,1558,4,202,573,421,839
0,122.jpg,284,692,4,165,257,234,391
0,644.jpg,522,880,4,231,308,283,416
0,650.jpg,402,804,4,175,262,300,434
1,888.jpg,620,608,4,287,233,371,367
0,136.jpg,480,1378,4,244,511,391,778
0,668.jpg,310,884,4,139,318,239,497
0,132.jpg,236,518,4,101,214,170,302
0,654.jpg,288,554,4,92,189,157,255
0,898.jpg,278,472,4,105,116,225,315
0,640.jpg,238,848,4,113,288,212,456
0,126.jpg,292,958,4,147,399,262,549
0,33.jpg,182,628,4,72,254,138,341
0,873.jpg,460,930,4,323,341,439,525
0,27.jpg,290,794,4,139,323,243,454
0,867.jpg,218,1302,4,86,444,199,590
0,697.jpg,322,894,4,144,324,254,447
0,683.jpg,182,774,4,69,252,162,408
0,318.jpg,434,930,4,117,265,237,438
1,456.jpg,550,1550,4,235,563,463,862
0,330.jpg,254,716,4,130,281,211,397
0,324.jpg,272,954,4,114,375,234,529
0,442.jpg,212,682,4,53,233,132,352
0,1129.jpg,268,860,4,104,341,194,477
0,495.jpg,958,1112,4,419,505,540,655
0,1101.jpg,442,698,4,334,237,426,382
0,1115.jpg,1062,1124,4,192,518,373,672
0,481.jpg,378,1188,4,177,428,317,612
0,278.jpg,222,562,4,92,230,158,318
0,522.jpg,416,1346,4,217,632,345,792
0,244.jpg,188,748,4,73,264,166,421
1,1049.jpg,274,1122,4,71,530,174,700
0,1075.jpg,332,1384,4,125,692,217,801
1,287.jpg,338,1068,4,115,429,248,578
0,293.jpg,462,1378,4,240,484,356,672
1,1061.jpg,428,1278,4,157,428,309,678
0,708.jpg,170,608,4,78,234,136,305
0,720.jpg,362,770,4,234,267,329,433
0,734.jpg,310,1388,4,88,522,229,769
0,907.jpg,338,1364,4,130,394,280,591
0,913.jpg,378,1004,4,161,474,211,530
0,1263.jpg,200,808,4,65,416,117,483
0,1262.jpg,330,1124,4,115,469,303,668
0,912.jpg,834,664,4,163,297,232,398
0,906.jpg,542,1366,4,140,588,304,837
0,735.jpg,378,1292,4,88,585,242,831
0,721.jpg,362,710,4,178,318,233,421
0,709.jpg,240,502,4,95,188,159,257
0,292.jpg,514,1122,4,162,350,285,519
0,1060.jpg,522,1062,4,108,488,162,553
0,1074.jpg,570,982,4,124,451,184,523
0,286.jpg,254,700,4,106,220,171,352
0,1048.jpg,464,844,4,55,442,121,523
0,251.jpg,518,746,4,152,225,228,359
0,537.jpg,236,580,4,94,222,154,300
0,523.jpg,374,1074,4,118,363,249,576
0,245.jpg,232,760,4,111,263,200,420
0,279.jpg,460,1002,4,240,330,350,518
0,480.jpg,220,506,4,127,210,184,277
0,1114.jpg,298,1402,4,152,683,249,809
1,1100.jpg,362,1302,4,196,602,321,837
1,494.jpg,582,1126,4,230,373,346,566
0,1128.jpg,332,1438,4,178,647,232,745
1,325.jpg,188,660,4,37,235,112,347
0,443.jpg,322,826,4,175,293,270,466
0,331.jpg,412,1052,4,243,374,359,588
0,319.jpg,304,782,4,135,272,231,436
1,682.jpg,172,826,4,60,363,123,484
0,696.jpg,228,706,4,101,279,190,396
0,866.jpg,406,1058,4,117,399,312,598
1,26.jpg,200,782,4,34,241,112,352
0,872.jpg,456,1158,4,281,483,404,639
1,32.jpg,796,1298,4,419,557,519,718
0,641.jpg,480,892,4,172,361,275,494
0,899.jpg,444,512,4,46,203,118,287
0,127.jpg,278,538,4,152,214,201,280
0,133.jpg,140,424,4,60,127,115,209
0,655.jpg,260,844,4,112,304,213,474
0,669.jpg,394,540,4,162,218,222,282
1,119.jpg,248,864,4,40,321,136,495
1,125.jpg,458,716,4,196,297,280,395
0,643.jpg,340,496,4,132,190,195,295
0,131.jpg,380,1046,4,143,400,254,541
0,24.jpg,188,562,4,70,210,125,277
1,864.jpg,384,1200,4,141,372,330,657
1,30.jpg,202,660,4,75,219,171,331
0,870.jpg,218,1028,4,78,501,189,669
0,680.jpg,462,1032,4,203,435,296,570
0,18.jpg,486,1054,4,353,453,418,577
0,858.jpg,398,844,4,91,329,219,534
0,694.jpg,394,1278,4,199,505,341,695
0,469.jpg,448,1278,4,179,541,338,727
0,327.jpg,744,1400,4,361,483,481,624
1,333.jpg,174,624,4,97,225,143,345
0,455.jpg,184,476,4,76,193,137,264
0,1116.jpg,362,1374,4,219,684,304,796
0,482.jpg,264,934,4,121,391,234,535
1,496.jpg,394,800,4,197,292,289,444
0,1102.jpg,712,996,4,450,490,555,625
0,509.jpg,324,1100,4,115,366,247,584
0,1089.jpg,254,732,4,128,477,168,525
1,535.jpg,1329,1621,3,595,587,771,878
0,253.jpg,408,1284,4,185,540,337,726
0,247.jpg,168,708,4,70,216,143,341
0,521.jpg,288,864,4,151,304,234,474
0,1062.jpg,338,532,4,139,241,201,342
0,290.jpg,232,508,4,86,182,138,247
0,284.jpg,258,734,4,171,316,236,407
0,1076.jpg,534,1138,4,336,574,459,735
1,737.jpg,278,474,4,101,111,237,240
0,723.jpg,540,726,4,144,208,212,325
0,910.jpg,632,1370,4,86,571,229,735
0,904.jpg,204,1412,4,81,738,191,869
0,1248.jpg,240,604,4,77,263,128,329
0,1260.jpg,858,1140,4,610,510,684,608
0,938.jpg,346,1382,4,114,701,248,921
0,939.jpg,442,1202,4,136,415,300,605
0,1261.jpg,532,612,4,108,109,282,381
1,1249.jpg,530,480,4,92,156,156,262
1,905.jpg,1536,2048,3,592,791,767,1056
0,911.jpg,506,1322,4,253,674,309,770
1,722.jpg,512,1418,4,185,442,424,814
1,736.jpg,442,1314,4,144,437,333,747
0,285.jpg,296,654,4,147,282,223,377
0,1077.jpg,494,724,4,219,284,298,425
1,1063.jpg,630,604,4,191,249,250,319
0,291.jpg,220,776,4,101,311,184,418
0,246.jpg,242,450,4,106,141,166,235
0,520.jpg,302,776,4,184,322,260,424
1,534.jpg,576,1104,4,260,171,439,475
0,252.jpg,292,1038,4,128,413,269,583
0,1088.jpg,252,530,4,54,177,142,298
0,508.jpg,468,1172,4,285,500,380,646
0,1103.jpg,292,986,4,128,347,271,485
0,497.jpg,260,932,4,110,394,225,540
0,483.jpg,398,1016,4,148,439,263,576
0,1117.jpg,618,828,4,194,451,262,546
0,332.jpg,250,542,4,97,203,154,278
0,454.jpg,412,1348,4,254,696,382,884
0,440.jpg,238,708,4,127,278,208,384
0,326.jpg,258,632,4,92,222,186,377
0,468.jpg,562,1418,4,85,489,295,755
0,695.jpg,426,1432,4,176,473,367,715
0,859.jpg,218,228,4,95,85,196,207
0,19.jpg,506,1110,4,309,466,427,595
0,681.jpg,684,762,4,267,298,345,401
0,871.jpg,386,1380,4,170,712,296,938
1,31.jpg,732,1442,4,199,500,342,734
1,865.jpg,328,1344,4,25,537,214,762
0,656.jpg,150,424,4,62,119,119,201
0,130.jpg,620,974,4,174,294,262,392
1,124.jpg,270,870,4,45,323,138,501
1,642.jpg,434,1066,4,151,374,274,567
0,118.jpg,220,772,4,93,285,185,407
0,143.jpg,288,608,4,149,217,213,294
1,625.jpg,274,666,4,162,270,231,395
0,157.jpg,334,908,4,166,314,247,469
0,81.jpg,318,818,4,132,297,221,403
1,619.jpg,1024,772,3,498,308,615,457
0,95.jpg,604,1274,4,247,427,388,673
1,180.jpg,978,1468,4,428,526,642,820
1,194.jpg,230,702,4,88,232,188,351
0,42.jpg,224,790,4,94,266,185,422
1,802.jpg,406,404,4,173,99,308,282
1,56.jpg,446,1046,4,146,402,277,585
0,816.jpg,424,806,4,299,455,369,553
0,4.jpg,488,1342,4,265,451,434,705
0,427.jpg,282,804,4,96,387,184,503
0,341.jpg,176,784,4,84,284,154,379
0,355.jpg,352,750,4,153,279,234,419
0,433.jpg,286,854,4,116,329,225,460
1,369.jpg,220,706,4,81,259,170,405
0,1170.jpg,308,1386,4,111,619,262,873
0,382.jpg,240,688,4,87,274,165,393
1,396.jpg,524,1570,4,97,563,292,989
0,1164.jpg,316,546,4,222,268,288,348
1,1158.jpg,360,1190,4,125,411,281,692
0,553.jpg,320,886,4,167,361,256,483
1,235.jpg,148,524,4,57,142,131,251
0,221.jpg,360,904,4,174,347,253,497
0,547.jpg,186,440,4,100,163,143,240
0,1004.jpg,416,472,4,184,187,243,267
0,590.jpg,208,434,4,83,146,124,212
0,584.jpg,242,818,4,119,346,196,450
1,1010.jpg,464,774,4,70,235,181,422
0,751.jpg,410,984,4,223,372,356,614
0,989.jpg,428,448,4,22,134,125,303
0,745.jpg,140,970,4,68,428,133,531
0,779.jpg,514,950,4,135,489,183,563
0,792.jpg,294,1050,4,96,345,244,575
1,1206.jpg,294,1024,4,129,522,224,639
0,1212.jpg,258,1338,4,99,634,183,744
0,786.jpg,304,1374,4,102,622,277,831
0,976.jpg,406,944,4,102,626,149,682
0,962.jpg,336,1344,4,87,763,209,951
0,963.jpg,194,932,4,65,551,108,603
0,977.jpg,812,1396,4,334,860,446,1041
0,787.jpg,640,606,4,61,289,123,394
0,1213.jpg,336,1346,4,100,580,231,796
0,1207.jpg,302,1176,4,181,381,285,516
0,793.jpg,580,1386,4,147,641,289,807
0,778.jpg,306,960,4,170,429,238,512
0,744.jpg,510,1066,4,306,454,446,706
0,988.jpg,318,1364,4,127,710,206,821
0,750.jpg,452,574,4,159,311,227,391
0,1039.jpg,396,900,4,264,426,366,551
0,1011.jpg,472,1160,4,103,553,227,753
1,585.jpg,900,1200,3,441,528,504,612
0,591.jpg,460,990,4,218,364,315,547
1,1005.jpg,494,1412,4,228,513,410,773
0,208.jpg,326,792,4,184,292,269,451
0,220.jpg,282,692,4,82,214,180,358
0,546.jpg,280,848,4,93,260,184,423
0,552.jpg,446,808,4,222,284,329,456
0,234.jpg,258,584,4,118,246,188,336
0,1159.jpg,236,654,4,69,165,173,308
0,397.jpg,430,894,4,161,332,279,512
1,1165.jpg,1152,2048,3,428,758,612,1000
1,1171.jpg,394,942,4,59,290,205,487
0,383.jpg,280,710,4,142,285,230,399
0,368.jpg,290,712,4,111,215,184,348
0,354.jpg,364,1150,4,177,431,292,588
0,432.jpg,436,1186,4,171,454,303,613
0,426.jpg,592,1318,4,338,510,464,737
0,340.jpg,270,876,4,132,308,229,479
0,817.jpg,412,1290,4,196,619,303,744
0,57.jpg,572,1588,4,234,563,438,828
0,5.jpg,358,802,4,124,312,216,421
0,803.jpg,1134,942,4,769,326,878,523
0,43.jpg,340,922,4,162,440,290,604
0,195.jpg,566,1122,4,295,372,393,534
0,181.jpg,686,1066,4,254,430,341,541
1,94.jpg,170,822,4,62,379,122,502
1,80.jpg,272,896,4,135,274,234,433
0,630.jpg,386,1000,4,110,415,224,558
0,156.jpg,222,852,4,93,263,178,422
0,142.jpg,208,590,4,120,251,184,340
0,624.jpg,316,1110,4,137,359,255,568
0,154.jpg,454,920,4,186,286,321,489
0,632.jpg,1080,1920,3,520,1047,604,1152
0,626.jpg,852,1534,4,330,699,437,881
0,140.jpg,686,1392,4,320,576,476,811
1,168.jpg,320,454,4,127,236,199,363
0,96.jpg,186,684,4,64,223,141,346
0,82.jpg,242,980,4,32,337,140,505
0,197.jpg,264,732,4,157,278,234,419
0,69.jpg,450,538,4,192,230,238,294
0,829.jpg,3000,4000,3,1484,2407,1790,2791
0,183.jpg,348,750,4,145,296,245,418
1,7.jpg,178,688,4,31,231,111,345
0,55.jpg,386,1016,4,165,423,239,540
0,815.jpg,540,1066,4,247,531,324,630
0,41.jpg,322,556,4,95,164,151,236
0,801.jpg,372,1040,4,134,358,280,589
0,430.jpg,196,704,4,84,204,158,325
1,356.jpg,476,702,4,232,245,351,383
1,342.jpg,506,1574,4,80,583,298,1002
1,424.jpg,582,726,4,279,307,377,421
0,1198.jpg,746,1002,4,333,351,463,552
0,418.jpg,286,922,4,140,352,240,540
0,1167.jpg,714,450,4,163,173,330,312
0,395.jpg,296,968,4,118,330,247,539
0,381.jpg,292,764,4,54,263,141,391
0,1173.jpg,284,900,4,77,333,191,516
0,544.jpg,202,866,4,81,395,173,516
0,222.jpg,212,794,4,88,289,187,406
0,236.jpg,292,980,4,133,392,256,558
0,550.jpg,484,1006,4,296,468,414,618
0,578.jpg,310,920,4,132,387,229,507
0,587.jpg,368,846,4,210,292,294,431
1,1013.jpg,1170,2532,4,562,1038,669,1225
0,1007.jpg,230,1376,4,48,906,130,1002
0,593.jpg,254,736,4,144,261,239,380
0,746.jpg,206,1350,4,99,890,142,943
1,752.jpg,1080,1440,3,594,340,724,549
0,1211.jpg,466,1152,4,240,552,288,631
0,785.jpg,418,1378,4,141,430,340,734
0,949.jpg,712,1032,4,343,543,412,638
0,791.jpg,496,970,4,279,356,377,529
0,1205.jpg,868,1334,4,389,579,505,753
0,961.jpg,570,966,4,485,512,550,597
0,975.jpg,748,678,4,169,269,234,385
0,1239.jpg,1548,1184,4,902,445,1046,667
0,1238.jpg,434,604,4,227,373,264,417
1,974.jpg,604,1086,4,364,446,496,617
0,960.jpg,294,1148,4,119,768,152,816
0,1204.jpg,926,1340,4,483,710,604,909
0,790.jpg,308,1330,4,131,686,211,822
0,948.jpg,304,610,4,157,355,211,422
0,784.jpg,310,1326,4,110,573,192,704
1,1210.jpg,180,606,4,39,194,101,302
0,753.jpg,280,560,4,154,259,200,327
0,747.jpg,298,768,4,139,429,189,500
0,592.jpg,192,572,4,102,206,169,310
0,1006.jpg,614,1312,4,72,539,234,771
0,1012.jpg,534,626,4,135,356,187,422
1,586.jpg,224,928,4,93,446,161,585
1,579.jpg,742,1352,4,257,546,437,792
0,237.jpg,524,1050,4,258,543,353,663
0,551.jpg,648,1300,4,248,481,385,659
0,545.jpg,194,756,4,33,217,114,336
0,223.jpg,388,1082,4,148,431,281,585
0,380.jpg,218,756,4,86,271,177,426
1,1172.jpg,100,658,4,38,216,97,324
0,1166.jpg,864,1920,3,640,731,784,978
0,394.jpg,334,830,4,175,346,251,450
0,1199.jpg,554,714,4,253,302,353,421
0,343.jpg,528,992,4,260,433,321,503
0,425.jpg,416,1252,4,188,424,329,669
0,431.jpg,458,770,4,185,306,270,417
0,357.jpg,326,846,4,199,350,288,467
0,800.jpg,402,496,4,49,176,110,274
0,40.jpg,218,778,4,92,228,172,364
1,6.jpg,222,704,4,95,245,183,393
0,814.jpg,366,818,4,144,373,196,450
0,54.jpg,434,830,4,181,347,277,466
0,196.jpg,206,706,4,27,255,88,368
0,828.jpg,544,1044,4,133,473,275,644
0,68.jpg,296,916,4,106,330,222,519
0,83.jpg,296,664,4,100,238,205,355
0,169.jpg,274,692,4,133,250,212,399
0,97.jpg,212,536,4,103,219,140,270
1,627.jpg,284,818,4,135,294,219,441
0,141.jpg,238,876,4,101,296,192,463
0,155.jpg,400,642,4,119,226,190,321
1,633.jpg,220,656,4,103,244,185,397
0,93.jpg,346,642,4,164,259,226,336
0,179.jpg,274,822,4,147,304,245,421
1,87.jpg,416,1084,4,134,410,240,571
0,637.jpg,392,942,4,156,316,262,500
1,151.jpg,286,1106,4,113,331,236,547
0,145.jpg,632,1216,4,361,475,500,666
1,623.jpg,284,864,4,107,284,213,455
0,50.jpg,304,860,4,178,313,260,459
1,810.jpg,560,812,4,358,366,461,508
1,2.jpg,260,618,4,113,215,184,344
0,44.jpg,902,1280,4,406,546,546,725
0,804.jpg,354,820,4,102,256,245,405
0,192.jpg,694,1244,4,344,484,471,711
0,186.jpg,484,828,4,221,342,308,460
0,78.jpg,296,1052,4,146,339,255,541
0,838.jpg,510,856,4,65,344,166,472
0,409.jpg,300,998,4,123,393,249,561
0,1189.jpg,674,594,4,368,203,517,363
0,353.jpg,210,770,4,75,302,154,405
0,435.jpg,174,516,4,33,172,113,267
0,421.jpg,314,814,4,83,326,169,432
0,347.jpg,314,766,4,114,277,203,430
0,390.jpg,396,1062,4,155,363,262,479
0,1162.jpg,326,1280,4,209,607,285,742
0,1176.jpg,1156,1248,4,308,574,456,810
0,384.jpg,510,1322,4,243,564,400,749
0,569.jpg,256,930,4,119,371,220,518
0,227.jpg,242,950,4,103,376,215,539
0,541.jpg,586,1214,4,381,587,469,711
1,555.jpg,959,1279,3,484,548,589,735
1,233.jpg,532,1522,4,283,445,489,792
0,582.jpg,454,676,4,153,196,220,320
0,1016.jpg,1080,1920,3,491,917,637,1102
0,1002.jpg,162,930,4,51,468,132,609
1,596.jpg,794,936,3,302,363,508,645
0,743.jpg,264,958,4,101,437,171,520
1,757.jpg,798,1340,4,313,523,434,751
0,964.jpg,302,1360,4,107,769,236,931
0,1228.jpg,350,1292,4,139,460,282,704
0,970.jpg,668,650,4,117,412,175,491
0,958.jpg,486,1024,4,212,495,325,627
0,1214.jpg,322,1404,4,109,702,260,893
0,780.jpg,390,1288,4,147,559,249,689
0,794.jpg,436,508,4,250,155,368,333
0,1200.jpg,346,1290,4,160,576,292,750
0,1201.jpg,180,568,4,76,184,160,309
1,781.jpg,308,590,4,53,184,128,295
0,1215.jpg,292,1174,4,143,609,205,686
0,959.jpg,464,888,4,176,351,309,511
1,971.jpg,1280,1707,3,516,692,675,922
1,1229.jpg,478,426,4,54,107,104,187
0,965.jpg,412,1296,4,157,642,198,722
0,756.jpg,182,528,4,57,156,149,285
0,742.jpg,182,1028,4,78,474,148,572
0,597.jpg,212,728,4,70,267,152,368
0,1003.jpg,446,898,4,85,408,201,556
0,1017.jpg,300,888,4,90,249,207,390
0,583.jpg,380,724,4,179,297,247,374
1,554.jpg,1536,2048,3,730,1059,906,1251
0,232.jpg,288,1308,4,97,669,234,863
0,226.jpg,150,548,4,61,208,127,290
0,540.jpg,290,888,4,137,341,237,505
0,568.jpg,296,1012,4,132,328,258,534
0,1177.jpg,192,808,4,64,261,140,381
0,385.jpg,434,1296,4,260,540,394,711
0,391.jpg,404,1334,4,157,531,311,722
0,1163.jpg,336,856,4,139,314,234,468
0,420.jpg,334,944,4,121,360,234,524
0,346.jpg,230,486,4,121,146,176,239
0,352.jpg,346,1256,4,158,489,260,615
0,434.jpg,284,858,4,115,261,230,433
0,1188.jpg,552,850,4,147,380,299,632
0,408.jpg,252,498,4,114,214,162,277
0,187.jpg,656,1360,4,237,429,422,674
0,839.jpg,104,766,4,3,373,69,468
0,79.jpg,462,998,4,201,319,296,480
0,805.jpg,822,1258,4,385,718,500,907
0,45.jpg,456,1006,4,263,334,348,495
1,811.jpg,574,1410,4,284,488,461,732
0,51.jpg,632,1154,4,281,440,436,619
0,3.jpg,558,956,4,257,378,323,449
0,144.jpg,318,988,4,183,429,285,565
1,622.jpg,673,867,3,259,400,334,543
0,636.jpg,230,684,4,102,285,185,392
0,150.jpg,430,892,4,199,223,344,448
1,178.jpg,508,1304,4,187,537,346,741
0,86.jpg,170,492,4,80,168,125,252
0,92.jpg,436,936,4,188,308,295,483
0,84.jpg,234,498,4,110,180,156,264
1,608.jpg,340,1308,4,58,425,209,679
1,90.jpg,298,810,4,141,268,227,415
0,146.jpg,420,634,4,142,256,215,353
0,152.jpg,418,1302,4,204,671,315,801
1,634.jpg,453,588,3,179,267,243,353
1,47.jpg,450,1252,4,232,548,373,737
0,807.jpg,402,1202,4,232,501,302,636
1,1.jpg,116,366,4,47,212,104,296
0,53.jpg,374,880,4,212,321,321,514
0,813.jpg,312,1278,4,185,606,282,739
0,185.jpg,336,940,4,143,354,251,520
0,191.jpg,304,778,4,181,328,258,434
0,378.jpg,352,512,4,170,186,234,284
0,344.jpg,286,952,4,121,374,245,530
0,422.jpg,262,848,4,120,296,206,448
0,436.jpg,294,932,4,119,297,226,482
1,350.jpg,202,604,4,73,211,127,331
1,1149.jpg,510,452,4,191,162,262,250
0,387.jpg,166,710,4,62,230,135,354
0,1175.jpg,334,486,4,210,224,307,342
0,1161.jpg,260,602,4,122,229,191,321
0,393.jpg,324,774,4,121,321,198,426
0,230.jpg,230,740,4,70,262,156,411
0,556.jpg,390,1010,4,224,421,341,579
0,542.jpg,440,1378,4,227,553,393,769
0,224.jpg,364,1128,4,139,340,268,555
1,1029.jpg,418,580,4,48,265,122,360
0,1001.jpg,310,928,4,131,295,267,438
0,595.jpg,512,1280,4,283,463,395,609
0,581.jpg,488,1186,4,281,493,419,664
0,1015.jpg,484,626,4,257,433,304,499
0,768.jpg,286,742,4,193,326,275,458
0,754.jpg,362,1044,4,115,351,274,587
1,740.jpg,304,470,4,34,133,106,248
0,998.jpg,174,600,4,70,181,151,309
0,973.jpg,330,1146,4,143,471,224,604
0,797.jpg,554,610,4,358,166,522,439
0,1203.jpg,434,904,4,193,462,259,555
0,1217.jpg,304,636,4,32,216,105,307
0,783.jpg,660,964,4,242,602,300,706
0,782.jpg,376,1276,4,145,539,305,801
0,1216.jpg,246,1340,4,96,665,177,796
0,1202.jpg,458,630,4,234,426,282,489
0,796.jpg,622,968,4,75,523,170,648
0,966.jpg,282,1284,4,126,626,187,705
0,972.jpg,204,1314,4,66,511,175,654
0,999.jpg,288,1390,4,116,761,236,964
0,741.jpg,352,1358,4,128,466,291,754
0,755.jpg,502,746,4,177,476,234,553
0,769.jpg,560,592,4,178,241,258,341
0,1014.jpg,680,996,4,354,401,514,560
0,580.jpg,292,834,4,96,235,211,407
0,594.jpg,272,512,4,143,206,205,286
0,1000.jpg,336,1018,4,151,401,288,583
0,1028.jpg,476,722,4,292,477,351,551
0,543.jpg,200,462,4,82,182,130,245
0,225.jpg,292,812,4,131,293,222,409
0,231.jpg,286,696,4,110,343,190,450
0,557.jpg,1023,1591,3,382,824,495,954
0,219.jpg,296,774,4,157,307,232,412
0,1160.jpg,406,950,4,257,318,385,527
0,392.jpg,826,1408,4,294,497,422,638
1,386.jpg,574,1538,4,283,557,505,853
0,1174.jpg,464,1186,4,102,650,207,771
0,1148.jpg,350,372,4,150,190,189,232
0,437.jpg,356,1012,4,31,368,123,524
0,351.jpg,210,704,4,95,299,180,403
0,345.jpg,202,534,4,84,189,133,250
0,423.jpg,238,568,4,106,186,160,251
0,379.jpg,414,1260,4,203,501,335,665
0,190.jpg,578,1098,4,167,342,310,551
0,184.jpg,230,694,4,101,160,201,294
0,812.jpg,492,914,4,358,362,471,562
0,52.jpg,244,814,4,93,285,188,436
0,806.jpg,442,1304,4,158,444,331,729
0,46.jpg,418,1100,4,163,433,292,603
0,153.jpg,452,1002,4,223,454,318,574
0,635.jpg,464,1350,4,234,507,387,785
1,621.jpg,136,524,4,47,145,114,245
1,147.jpg,264,934,4,111,301,192,444
0,91.jpg,388,1058,4,201,467,322,624
1,609.jpg,446,810,4,152,274,231,406
0,85.jpg,206,412,4,134,135,192,218
